date,time,processed,word_count
2021-02-15,20:02:06,intel - welcome to value town,6
2021-02-15,19:13:08,"jinxed by intc , twice and still thinking about a third time",12
2021-02-15,18:38:42,"jinxed by intc , twice",5
2021-02-15,06:26:44,intc in the medium to long term,7
2021-02-14,21:00:14,intc - catalysts for a breakout of all time high and the road to trillion dollar market cap,18
2021-02-14,17:41:26,when i asked fintel why they were manipulating data for the hedge funds .... this was there response . what a load of bs !!,25
2021-02-14,10:41:38,$ tyme could be the next $ ocgn ?? first 6 weeks 2021 > 72 < tutes filled 13f ( green rows indicate new positions )  because of tyme granted u . s . patent claims covering use of tyme - 19 to treat covid - 19 infections ?? company has more than 100mill dollars of cash until 2024,60
2021-02-13,18:14:00,"intel ' s hidden gem , mobileye",7
2021-02-13,17:48:21,intc is fundamentally undervalued . short term tendies are possible,10
2021-02-13,17:32:27,$ intc is way undervalued and about to take off . here is why,14
2021-02-13,14:20:55,welcome to intel ( intc ) value town,8
2021-02-13,10:41:14,amd and intel dd,4
2021-02-13,10:39:38,i like this stock  $ 4 . 5k gain so far on intc . went long the jan ' 22 expiry and bought some shorter term stuff with the july ' 21 calls too .,36
2021-02-13,03:57:57,$ intc ready for a monster run,7
2021-02-13,02:38:39,intel ( intc ) - value town,7
2021-02-13,02:08:06,novn ! looking for intel on one of my picks . novn,12
2021-02-12,16:33:12,"intel is dying , and we cant save it",9
2021-02-12,16:29:17,the future of semiconductors and why intel is poised to win the war,13
2021-02-12,10:55:27,recruiting for intel gang . this baby is going to pluto in 2021 - 22 !!!,16
2021-02-12,07:33:51,bought 2k worth of aitx . good penny stock for artificial intelligence with uptick in sales and healthy price growth,20
2021-02-12,04:19:43,"what does tsm , asml , and amat have in common ? hint ... intels demise .",17
2021-02-12,02:56:29,"small yolo on $ amd $ intc $ sndl $ spy , give me more ideas ! or roast",19
2021-02-11,22:47:45,can intelsat fly again after bankruptcy ?,7
2021-02-11,22:25:42,"$ amp is moving ! i ' ve never had ownership in something that moved so high so suddenly . i have good intel that she ' s getting listed on coinbase soon , too . sorry , cant cite the source on this one ! i just threw in $ 2000 more . ( originally invested $ 400 and now , it ' s $ 2200 )",68
2021-02-11,21:18:52,why intel will reap huge benefits from biden administration policy - $ intc dd,14
2021-02-11,20:04:01,thoughts on intel ?,4
2021-02-11,20:02:44,recruiting for intel gang . this baby is going to pluto in 2021 - 22 . amd cucks keep out !!!,21
2021-02-11,18:45:35,"( intc ) intel , a diamond amidst coal",9
2021-02-11,18:32:34,( intc ) intel the diamond in amidst coal,9
2021-02-11,18:17:29,intel ( intc ) is the most undervalued stock,9
2021-02-11,16:41:06,intel vs tsm - time to invest in intel ?,10
2021-02-11,16:40:14,intel waking up from long slumber,6
2021-02-11,16:38:33,tsm vs intel - is intel waking up ?,9
2021-02-11,16:35:52,"i did a very non intelligent trade into $ sndl . can you guys please help me out , i would really appreciate it . my paypal is",28
2021-02-11,15:36:56,buy amd as it can crush intel again in 2021 | the motley fool,14
2021-02-11,02:30:20,"plebs .... thats ' plebeians , for thou who art not so intellectually adept - and this shit is simple ... listen up ,",24
2021-02-11,01:54:11,what do you guys think of that artificial intelligence that day trades equitys ? aeiq,15
2021-02-10,22:49:12,i just bought 2 stocks in each $ amd and $ intc,12
2021-02-10,21:44:37,time for the $ intc run,6
2021-02-10,19:31:19,fintel worth it !,4
2021-02-10,17:55:30,"vanguard group inc ownership in ocgn / ocugen , inc . - 13f , 13d , 13g filings - fintel . io",22
2021-02-10,17:38:19,can artificial intelligence bring a new gold rush ?,9
2021-02-10,15:54:51,"hi all , im interested in learning more about investing and im starting with research on how to conduct my own security analysis . the books i have thus far are intelligent investor , security analysis , and you can be a stock market genius . what else should i read to prepare myself ?",55
2021-02-10,14:26:43,fintel gme short shares availability - please explain,8
2021-02-10,10:55:56,is a good moment to invest in es0152768612 airtificial intelligence structures sa,12
2021-02-09,17:38:47,intellicheck ( nasdaq : idn ),6
2021-02-09,17:32:11,qr codes are here to stay ! intellicheck ( nasdaq : idn ). hop in we are going to the moon !,22
2021-02-09,16:54:34,gme squeeze is over . fintel update .,8
2021-02-09,15:19:34,extensive dd into fintel short volume alterations,7
2021-02-09,13:52:00,is fintel down for gme ????,6
2021-02-09,12:27:49,25 % gme and 31 % amc short interest according to fintel updated,13
2021-02-09,06:30:14,recommended by warren buffett himself . the intelligent investor : the definitive book on value investing .,17
2021-02-09,04:08:11,repost from r / gme : fintel short data altered for gme and amc,14
2021-02-09,04:06:30,emailed finra and news outlets regarding fintel modifying historical short volume / ratio numbers ( market manipulation ) ( crosspost with wsbelites ),23
2021-02-09,03:27:17,fintel messed with the numbers,5
2021-02-09,03:18:15,"trey ' s trades prove manipulation . the website fintel altered / manipulated the short volume data on their site for amc by reducing the actual short volume by 50 %. falsely reporting short volume should be , or is illegal .",42
2021-02-09,02:44:46,"trey ' s trades shows how fintel on 2 / 8 / 21 changed / manipulated the short volume for the previous days . this is actually insane , as long as manipulation benefits the hedges it ' s fine . something shady is going on . this needs to be seen",52
2021-02-09,01:05:06,$ mstr dd - hyperintelligence and digital assets - michael saylor the balance sheet god - long term growth,19
2021-02-08,18:52:24,requesting intel from fellow retards,5
2021-02-08,17:27:27,intelgenx not only cannabis films strip with tilray an heritage as partners . pet film strips to,17
2021-02-08,17:11:10,fintel has been changing numbers of reported short volume,9
2021-02-08,17:09:07,fintel changing numbers reported on short volume,7
2021-02-08,16:40:42,fintel altered short volume data for gme,7
2021-02-08,16:24:21,"fintel changed their short volume data after my last post , and i have the receipts to prove it . ( gme )",23
2021-02-08,16:20:34,fintel altered short volume data after my analysis on friday - i have the receipts ( gme ),18
2021-02-08,15:55:14,palantir soars on artificial intelligence partnership with ibm  thestreet,10
2021-02-08,15:10:26,palantir soars on artificial intelligence partnership with ibm,8
2021-02-04,22:45:24,"intc - zachs says buy , i buy .. holding 4 / 16 57 . 5c lets go !!!!!",19
2021-02-04,21:28:18,move to intc and fire the chip world,8
2021-02-04,19:50:57,[ cpta ]( with 400 % short interest !!! no volume at all !!! lets fuck the wall fucking street !!,21
2021-02-04,19:15:40,"china , i think we should all reduce our purchases from them . they have stollen our identities , they steal intellectual property rights , they are currently undertaking genocide and they created the covid virus and create 30 percent of world pollution .",44
2021-02-04,19:14:42,elon musk : on artificial intelligence and hedge funds in 2016,11
2021-02-04,15:43:27,your opinion on the intelligent investor .,7
2021-02-04,15:36:45,[ cpta ]( with 800 % short interest !!! no volume at all !!! lets fuck the wall fucking street !!,21
2021-02-04,14:49:17,our hands may be in the toilet but they can ' t flush them like we ' re some paper intellectuals because ours are made of diamonds and clogging the drainage .,32
2021-02-04,14:41:25,our hands may be in the toilet but they can ' t flush them like we ' re some paper intellectuals because ours diamond hands are clogging the drainage . and when they have used up all the water we will pull our hands out and hit,47
2021-02-04,09:41:46,"from "" the intelligente investor "" newsletter -",8
2021-02-04,06:25:45,"finally got an update on shares available on fintel . io , do what you will with it . they haven ' t updated it in days . they kept the info away from a service i pay for . sharing it with you . last update 30ish mins ago which would be 00 : 53 est .",58
2021-02-04,03:52:39,can someone with a above average intelligence please explain why the buy pressure is so high but stonk no go up .,22
2021-02-03,20:19:04,where are intelligent content creators ?,6
2021-02-03,18:22:41,[ cpta ]( with 4000 % short interest !!! no volume at all !!! lets fuck the wall fucking street !!,21
2021-02-03,17:00:22,sifting ape for intel ( buy sell order volumes ),10
2021-02-03,15:31:46,"drop in the price of gamestop is mostly caused by institutional sell - offs . according to fintel , roughly $ 80m was sold and only $ 20m purchased . however some institutions are still buying !",37
2021-02-03,15:09:49,blackberry and  join forces to accelerate innovation with a new intelligent vehicle data platform,15
2021-02-03,13:05:47,punch $ amc through . 121m short interest ( fintel ) and basically no walls this morning . buy this dip before market opens and the ~ 55m market orders flood in .,33
2021-02-03,11:21:22,doodlemaker latest launches - make doodle videos in no time with futuristic artificial intelligence technology,15
2021-02-03,08:21:03,"listen up u apes , here ' s some intel for tomorrow ' s fight",15
2021-02-03,07:50:46,"ok , so what is the actual hard evidence that $ gme can recover . i know it ' s impossible to know for certain but what stats and past instances do y ' all intellectual apes have ?",39
2021-02-03,07:34:20,"during the hold , which may take few weeks ( i don ' t care ) lets get on with other work and honestly lets share some information on very undervalued stocks from all industries . please no nonsense posts , just a brief intel on a stock that ' s been beaten down to 2 - 3 - 4 - 5 - 6x earnings ( earnings not revenue )",70
2021-02-03,01:15:58,holding strong let ' s fucking go fellow retards !  also what yall think about artificial intelligence . this other little guy i have interests me .,28
2021-02-02,23:49:35,gme shorts raised today ( from fintel . io ),10
2021-02-02,23:49:27,"$ gme short volume is up today , and is 2 . 3 times yesterday ' s volume  | fintel",21
2021-02-02,23:28:14,fintel data says most of the shorts have covered as of yesterday - but there wasn ' t enough volume for this to happen ?? could they have done this after hours or concealed their shorts somehow ?,38
2021-02-02,22:31:20,short information regarding gme on fintel,6
2021-02-02,22:08:47,anyone saw this ? blackrock inc almost doubling on shares ownership of amc . source :,16
2021-02-02,21:34:06,had a very intelligent discussion during a zoom call today ... the 3 messages second from the bottom are from my professor,22
2021-02-02,21:31:56,had a very intelligent discussion during a zoom call today ... the 3 messages second from the bottom were from my professor,22
2021-02-02,20:22:17,"bought three at 196  obviously im holding , im not an intelligent person",14
2021-02-02,20:00:08,can someone with at least average intelligence calm my fears,10
2021-02-02,19:30:30,"friend was skeptical , and i have the brain power of an atari 7800 thats been buried in the gamestop hq basement since 1986 , but do yall incredibly intelligent fellow diamond handers think my summation is fairly accurate or am i truly a box of rocks ?",48
2021-02-02,18:55:21,fintel screenshot 0 gme shorts available 2021 - 01 - 28 13 : 39 : 30 .,17
2021-02-02,17:05:20,tesla to invest in byd ? any intelligence and or opinions on that ?,14
2021-02-02,16:45:14,ive got so little on the line and so little intelligence that i am never selling this stonk .  my ape brain even bought more because i love discounts almost as much as i love this stock .,39
2021-02-02,16:32:48,"some words of wisdom all of you dumb fucks could use , from the book that describes the exact fucking opposite of what we all are : the intelligent investor",30
2021-02-02,16:22:55,opgn fda approval coming soon redditeers ! intel expects this month ... will be huge,15
2021-02-02,15:31:09,"swiss financiers : intellectual property securities corporation ( ipse ) receives nasdaq ticker , announces intent to list via ipo",20
2021-02-02,14:52:26,i want in . enough is enough . i haven ' t the time or intellect for my own damn research someone please tell me how i can get on board trading as easily as possible . ideally an app that isn ' t a lil bitch like robin hood,50
2021-02-02,14:29:06,$ atds joined microsoft intelligence security association penny stock,9
2021-02-02,10:41:10,when you see your actions on the top news discussed in davos you know you have done something right . check,21
2021-02-02,04:44:54,projections of shorts for gme,5
2021-02-02,03:41:48,"beautiful exchange platform and its corner !! i went to see because i hear from several of this area . his risk of shaking !! in short , remain concerned and patient but above all intelligent !!!",37
2021-02-02,00:49:15,"so the current reported shares ownership of gme sits at 113 , 649 , 303 or 162 . 95 % of the company . this isn ' t including retail owners . ( sauce",34
2021-02-02,00:20:07,so robinhood is in the business of insulting our intelligence now too,12
2021-02-01,22:27:59,airtificial intelligence - hyperloop,4
2021-02-01,22:20:27,need a more intelligent retard to explain such a continuous slow decline to under 200 today,16
2021-02-01,21:29:01,"warren buffet : "" it ' s a temperamental quality , not an intellectual quality ""; stay calm , stay in , because we like the stock",27
2021-02-01,20:35:22,artificial intelligence and the gamestonk blowback,6
2021-02-01,20:05:27,"we as gamers need to raise stocks that power our gaming . we need intel , amd , and nvidia . maybe even yum ! which owns kfc . we need that kfconsole",33
2021-02-01,19:19:35,"if the most intelligent entity of the motherfucking planet says hold . you know you have to hold .  we officially are shouting a pornoscene , autistics retards gang banging ugly wallstreet hoes stuck on the door of a gme store",42
2021-02-01,18:43:31,"yes , im a new member . im not a bot . been reading this for a few weeks . super impressed by the passion and intelligence here . ( even though i know we are all so dum . hubby and i are holding amc with diamond  just wanted to say hello and stay strong everyone !",59
2021-02-01,18:24:39,shorts are starting to cover according to market intelligence firms .,11
2021-02-01,17:34:31,"short interest in the video - game retailer plummeted to 39 % of free - floating shares , from 114 % in mid - january , according to ihs markit ltd . data . data from s3 partners , another market intelligence firm , showed a similar pattern , with gamestops short sales having fallen to about 50 % of its total stoc",63
2021-02-01,17:22:44,"market intelligence firm , estimates $ gme short interest has collapsed to 39 % ( from 114 %)",18
2021-02-01,17:02:23,"am i a retard for holding 3200 shares of amd ? dd looks aight but intel bonks rn , why ?",21
2021-02-01,15:57:53,this might scare the average intellectual but not me im too retarded and  to get spooked ! i like the stock !,23
2021-02-01,15:53:27,"even in the middle of ladder attacks and while the price is dropping , buy volume far outweighs that of sell volume . its just intelligent algorithms that are dropping the price , not people selling .",37
2021-02-01,14:53:26,"$ intc , intel insiders ceo and cfo",8
2021-02-01,14:35:21,"$ intc , intel ceo and cfo are buying , p / e only 11 , yield 2 , 5 %.",21
2021-02-01,13:51:57,intel ?? who has thoughts on it ?,8
2021-02-01,09:47:16,let ' s to intel next,6
2021-02-01,06:35:10,"according to cointelegraph news site , there is an official "" crypto wing "" of wsb - true or just ct shoddy reporting ?",24
2021-02-01,06:08:02,this one could and should be huge ! inteq / intelsat s . a .,15
2021-02-01,04:22:18,buy amd to fight against the intel . amd amd amd amd,12
2021-02-01,04:02:16,i did more researching citadel has had shares since the bottom lows during march  fintel also reports multiple calls during 2020 . who knows if they excercised those contracts . they may even have more shares . they ' ve probably already profiting 100 $ mil since then . say no to slv .,55
2021-01-31,23:20:58,"everyone who lost money with intel , microsoft and facebook earning report should know this .",16
2021-01-31,23:08:58,$ gme - artificial intelligence predict gamestop,7
2021-01-31,22:14:39,"the weapon i have equiped on my druid for this week . they have no intellect , so don ' t listen to me",24
2021-01-31,22:08:36,chesapeake energy ( chkaq ) - intelligent investment opportunity ?,10
2021-01-31,21:13:19,appears the latest hype for slv might be due to citadel owning a vast majority of the shares . but don ' t take my advice i ' m just a ape tard .,34
2021-01-31,19:56:33,intellectually trying anything at this point ! still holding,9
2021-01-31,19:33:57,intel stock holders are pulling out,6
2021-01-31,09:08:19,someone add up all the shares and tell me what it is ( hint they own ( ed ) 101 . 95 % of the shares,26
2021-01-31,08:47:00,can i get unbanned : c i accidently forgot that we cant talk about crypto in chat i was trying to tell the nitro crew we are getting flammed by cointelegraph and i accidently said xrp im sorry please it wont happen again : c i completley forgot,48
2021-01-31,01:24:47,where do my fellow retards get their intel ?,9
2021-01-31,00:06:06,"me , an intellectual",4
2021-01-30,23:15:41,im such a low intelligence ape what could all this mean,11
2021-01-30,20:21:22,"let ' s talk about $ intc , let ' s talk about $ amd",15
2021-01-30,19:07:48,black rock now owns 6 % of nokia . black rock released their sec filing and reported that they bought an additional 22 million shares of nok and now own 6 %. smart money must have an idea of something happening ..,42
2021-01-30,18:58:19,"where can i buy stocks , is it intelligent to still buy stocks even though i have no clue about it ?",22
2021-01-30,18:57:40,blackberry and aws join forces to accelerate innovation with a new intelligent vehicle data platform . learn how # blackberryivy will allow automakers to create personalized driver and passenger experiences and improve operations of connected vehicles . bit . ly / 37zg0gc,42
2021-01-30,18:11:18,bb and intel working together on qnx ev platform,9
2021-01-30,17:41:08,beat the hedges back with counter intel,7
2021-01-30,17:20:23,intel is working with blackberry on building their ev platform .,11
2021-01-30,13:30:40,the ability to speak doesnt make them intelligent,8
2021-01-30,12:27:46,the ripple effect - artificial intel agency,7
2021-01-30,12:18:31,the ripple effect - artificial intel agency ( xrp ),10
2021-01-30,11:41:06,wwe stock is the next move ( forbidden intel itt ),11
2021-01-30,11:34:25,don ' t allow this to happen to wsb . garrity ' s law of inverse congregational intelligence .,19
2021-01-30,11:19:20,don ' t allow this to happen to wsb  garrity ' s law of inverse congregational intelligence .,19
2021-01-30,07:43:56,"it is not the strongest apes  that survive , nor the most intelligent , but the most responsive to holding the line ~ deepfuckingvalue",25
2021-01-30,07:37:29,"it is not the strongest apes that survive , nor the most intelligent , but the most responsive to holding the line ~ deepfuckingvalue",24
2021-01-30,05:13:14,sold 6k intel shares to go all in on amc,10
2021-01-30,05:03:00,its not only us - they are intellectually degrading as well .,12
2021-01-30,04:28:55,"boomer being boomer , while applauding you all , holding my copy of intelligent investor to the heart and doing what i know and understand .",26
2021-01-30,03:48:44,intel ( intc ) value stock,6
2021-01-30,02:05:49,i literally know like nothing about investing . can someone point me in the right direction ? im like an average intelligence kinda guy . woooooohstonks,26
2021-01-30,00:44:45,"intelligencer passing off a marketing professor as an authority on the stock market to push gloom and doom . hold people , don ' t let the media distortions warp your brains !",33
2021-01-29,23:09:32,update gme !!! borrow rate 33 % ( fintel ). hold the fucking line retards let them pay,18
2021-01-29,22:59:50,amc borrow rate is now 21 % according to fintel,10
2021-01-29,21:26:40,"amd ??? next !!!! amd is worth at least 100 , all good numbers , news , orders yet the shorts dont like amd and trying to bring her down !!! amd is challenging intel and they dont like it , challenging the chinese and they do t like it !!! we need to show the huge shorts that amd is a giant !!!!",64
2021-01-29,21:14:19,joe rogan called us intelligent vipers,6
2021-01-29,19:47:03,aitx artificial intelligence technology solutions inc . what do you think ? buy or hold ?,16
2021-01-29,18:36:49,"the wall street "" intellectuals "" look down at us and think we are just primitive apes who do not know what we are doing . well guess what ? apes . together . strong !!",36
2021-01-29,17:06:02,"lonestone has arrived in reddit ... this platform is new to me . so bare with me ... i am here to give you the keys to success ... i have intel beyond human comprehension ... its called common sense ... just listen , and you will receive massive returns ...",51
2021-01-29,16:53:59,artificial intelligence digital asset = #$ fet - autonomous driving and decentralized exchange,13
2021-01-29,16:30:11,artificial intelligence technology ( aitx ) is going to fly soon ! get ready,14
2021-01-29,16:06:49,"blackrock inc . ownership in ades / advanced emissions solutions , inc . - 13f , 13d , 13g filings - fintel . io blackrock making bets",27
2021-01-29,15:45:53,why not intel guys . $ 100 stock of iconic stocks telling in $ 50s . shorted by hedge funds,20
2021-01-29,12:34:05,message for the hedgies feverishly monitoring this sub for intel .,11
2021-01-29,11:17:53,ozgyo in bist index . this price is looks good for 1 weeks trading . i will buy from there and i will sell 3 . 82 . i am using artifical intelligence bots for analyze cheap prices .,39
2021-01-29,08:40:37,"amd - best cpus , tops earning , takes on intel and still goes down . why ? because of 71 million short interest ! funds keeping it down !",30
2021-01-29,08:13:12,intelsat ( inteq ),4
2021-01-29,06:48:06,this notorious guy thats taken other companies by the balls has intel on these scum . spread,17
2021-01-29,06:15:04,why arent we running counter intel ?,7
2021-01-29,05:15:19,"intelsat stonk dd , good buy for those who can stomach it !",13
2021-01-29,02:53:41,wall st is no more .. gain freedom from the shackles of the norm .. artificial intelligence is how we fight back aitx,23
2021-01-29,02:45:52,any intel on rh restrictions for gme ?,8
2021-01-29,00:56:22,i can barely even spell intellygent,6
2021-01-28,23:53:50,can this be done to intc ?,7
2021-01-28,21:19:27,"watching the corruption of trading platforms today , i decided to do some learning instead of trading . i came across this passage in the intelligent investor by benjamin graham ( an old legend in the stock world ). it ' s a message from the master : we decide when we ' re satisfied . hold the line .",60
2021-01-28,21:06:54,""" the intelligent investor "" is the current # 1 in the deals in books list on amazon lmao ( best sellers rank : # 23 in books )",29
2021-01-28,19:54:26,"gamers unite ! if we invest in $ amd , $ intc and $ nvidia they ' ll produce more gpus / cpus !",24
2021-01-28,17:17:07,i know everybody is  but why is amd going down ?? good q1 and beating intels ass !,19
2021-01-28,17:08:31,"when reeeeeee and muhhhhhh unite , the hedgies can ' t repel intellectual disability of this magnitude . even rockets built by morons can still fly !!",27
2021-01-28,16:39:14,must asset management inc just sold 3 . 3m shares of gme .,13
2021-01-28,16:15:19,check $ intc big short interet,6
2021-01-28,15:48:34,intel to the moon ???,5
2021-01-28,15:34:35,intel has been undervalued,4
2021-01-28,14:17:56,intc - ceo buys more shares,6
2021-01-28,13:20:00,gme shares to short 01 / 28 ( fintel ),10
2021-01-28,11:05:59,"fu *** intelligent investors , today i am gonna diversify with amc .",13
2021-01-28,09:34:31,any way to get intel on the current short interest as of today ?,14
2021-01-28,07:46:41,nakd the next gme ?,5
2021-01-28,07:18:41,i bought a 5900x from amd and im using it to buy intel stock because rocket - lake has a  in it . am i doing this right,29
2021-01-28,07:14:09,i bought a 5900x and used it in my pc to buy intel because rocket - lake has  in it and i heard those were good am i doing this right,32
2021-01-28,04:48:37,chamath and this reddit group has inspired me to liquidate all my winning positions and go long in gme tomorrow . i started my investing journey back in september with the intelligent investor . graham was a retard right ?,40
2021-01-28,02:27:13,from bay to wall : papa chen will await your arrival from valhalla . you sell when the squeeze is squoze my intellectually impeded friends . no sooner .,29
2021-01-28,01:29:44,can the most intelligent person in the room please explain this to me ?,14
2021-01-27,20:52:28,the sec can kiss my brown ass and biden can sniff it when they ' re done . investigating this sub for intelligently speculating against a hedgefund with questionable morality on a knucklehead trade is absurd .,37
2021-01-27,20:06:48,guess the intelligent investor is not worth reading anymore ? why do i have to have atleast 102 characters in the title ?,23
2021-01-27,20:02:01,i have super secret intel from a hedge fund that theyre gonna short bitcoin ... do you worst please ! :),21
2021-01-27,19:55:16,"aitx  robotics company focused on artificial intelligence , heavily shorted and ceo is posting an announcement at the end of the week . to the moon !",28
2021-01-27,19:48:45,i read this book called the intelligent investor that basically says buy and hold . it was written buy a well established investor,23
2021-01-27,19:45:44,"average intelligence of a wsb visitor these days is cratering to zero , buy gme and bb before these idiots realize whats happening",23
2021-01-27,19:36:57,19yr old needs help ? a small discussion w / advice from a bunch of intellects and degenerates .  $ gme $ nok $ amc $ bb,28
2021-01-27,19:11:26,"stpk : a pure energy play . buy the dip see you at 100 per share  compelling artificial intelligence for battery / energy management , in the era of the biden green new deal",35
2021-01-27,19:09:55,"hey , i ' m looking for a stock screener , which is the best according to you ? gurufocus , fintel , or something others ?",27
2021-01-27,17:56:42,intel going bullish this week,5
2021-01-27,17:27:03,cnbc is the fucking enemy ! they are discrediting our intelligence .,12
2021-01-27,17:18:13,"chamath palihapitiya is really standing up for wallstreetbets right now on cbs while the host continues to insult the intelligence of the community without meaning to "" insult "" their intelligence .",32
2021-01-27,16:19:16,lets get intel to 65,5
2021-01-27,15:58:42,bb short interest from fintel,5
2021-01-27,15:57:43,prkr is popping again - favorable ruling against intc in texas,11
2021-01-27,15:55:35,according to the most intelligent financial genius there is !,10
2021-01-27,15:54:46,everyone has calls against intel this week .. lets get it up a few bucks and make bank !!!!,19
2021-01-26,16:15:20,"benjamin ( boomer ) graham saying that you have to be a retard to reach the moon on "" the intelligent investor "".",23
2021-01-26,03:47:17,wsb receives intel that short interest has significantly increased on bb today,12
2021-01-26,03:27:36,buying intc cheap call cheap call cheap call all in,10
2021-01-25,15:13:02,"the name of the company , blackberry . it is a cutting edge intelligent security software company out of waterloo , canada awaiting imminent patent approval on the next generation of 5g smartphone devices that have both huge military and civilian applications now",43
2021-01-24,23:25:05,intc - the next gme ? hedge funds ' favorite short,11
2021-01-24,20:18:35,intc - the next hedge fund favorite short squeeze ?,10
2021-01-24,19:57:18,"$ intc ceo "" turnaround story "" - the next hedge fund short squeeze ?",15
2021-01-24,17:18:08,$ bb - market wire - the best artificial intelligence stocks to buy in 2021,15
2021-01-24,17:09:42,$ bb - the best artificial intelligence stocks to buy in 2021,12
2021-01-24,13:09:33,is intel a buy rn ?,6
2021-01-24,02:51:39,my intel calls made me miss out on an extra 20k in gme profits . switching to stocks monday premarket . afterburners engaged,23
2021-01-24,00:38:49,evolution of investing intelligence,4
2021-01-23,19:22:39,"wsb , you have taught me over the past year that being an autistic retarded sob is way better than being an intellectual . i wish i had listened a year ago when i busted my entire account . thank you ! let ' s keep the  fueled up and moving !",53
2021-01-23,12:00:22,"buy intel , china will invade taiwan , rip amd",10
2021-01-23,03:15:47,amd is going to pump heading to earnings and after earnings ! lots of shorts going to be squeezed next week !  intc down 8 . 5 % today . amd was green off intel ' s earnings report !! see you on the moon folks !!,48
2021-01-22,19:20:03,gme shares to short from fintel .,7
2021-01-22,14:49:10,stoopid / intelligent idea because i love america ?,9
2021-01-22,13:38:33,$ gme and my emotional intelligence,6
2021-01-22,06:55:47,[ paper hands ] just started options trading this week .. sold my intel calls on wednesday instead of thursday .,21
2021-01-22,04:36:14,should sec investigate intc for leaking earnings,7
2021-01-22,01:25:13,intel stock rises 6 % after leak about earnings was announced .,12
2021-01-22,01:20:10,intel puts printing tomorrow ?,5
2021-01-22,00:09:21,intel destroyed me . i am waking up a disaster in my portfolio ! any opinions on what i should do with this option and or my life ?,29
2021-01-22,00:09:00,my riskiest bet . # intc update 2021 / 01 / 21,12
2021-01-21,23:37:53,amd gonna print : intel said strength in pc sales helped it exceed its own expectations,16
2021-01-21,23:35:45,intel 7nm delayed to 2023 .,6
2021-01-21,22:48:07,why do they put this as the headline on intc after it dropped ?,14
2021-01-21,22:12:54,"so much for "" sell the news "" $ intc",10
2021-01-21,21:41:50,loaded up on intel puts expiring tommrow,7
2021-01-21,21:19:03,change in leadership . get on the intel train . choo choo .,13
2021-01-21,21:08:41,to whoever did the dd on intc a little while ago - thank you,14
2021-01-21,20:51:20,intel to the moon,4
2021-01-21,20:49:05,sell intc or go bankrupt,5
2021-01-21,16:13:19,thoughts : short intc 57p 1 / 22,8
2021-01-21,09:30:57,"intc er is today , boomer stock",7
2021-01-21,08:06:49,"selling my shares of amd and buying 300 in intc . hopefully earnings are good tomorrow , brothers .",19
2021-01-21,00:09:11,former pltr ' consultant ' avril haines about to be confirmed as director of nat . intelligence .,18
2021-01-21,00:07:08,$ trit doubling tripling in price soon retards better get in trading at 52 week low stock likes to move fintch and blockchain is the future mfs 50 shares and 2 12 . 5 121 days out calls to start full yolo baby,43
2021-01-20,23:21:36,calling all intelli - tards to explain something to the rest of us .,14
2021-01-20,22:44:26,yo netflix got me all fucked up in a good way and now im off to the intel earns okay bby lets go,23
2021-01-20,16:46:04,"dd : intel is outsourcing to tsmc , amd is going to crash hard",14
2021-01-20,15:44:12,$ amzn and $ bb  join forces to accelerate innovation with new intelligent vehicle data platform ( and take $ bb to the moon ),26
2021-01-20,09:47:03,"alaska sells intel , gilead , and qualcomm to buy more tesla stocks . soon we are on the mars",20
2021-01-19,20:40:38,td ameritrade lacks autistic inteligence ..... cant stop the $ bb raging boner,13
2021-01-19,15:47:41,is no one talking about txrc and its approval for intelligent surgical unit today ?? i can see it hitting the 20s by next year,25
2021-01-19,15:13:40,avinger expands intellectual property portfolio with another 19 patents,9
2021-01-19,12:42:16,transenterix soars as its intelligent surgical unit wins european nod (+ 41 % premarket ),15
2021-01-18,19:15:55,"amd set to dwarf intel , smash competition",8
2021-01-18,16:56:28,intel looks like a rocket ready for lift off ! to the moon !,14
2021-01-15,04:52:56,"fellow autists !!! when are we going to discuss making gain porn against intel ! after they lost theyre entire clientele , which was only 2 to begin with , gain porn against intel to the moon",37
2021-01-15,02:29:08,the argument against intel ' s ( intl ) new ceo [ amd ],14
2021-01-14,20:56:46,you guys called it . intel just ousted their ceo after years of running the country into the ground . he lost them 60 billion last year alone .,29
2021-01-14,17:47:34,thank you $ intc for getting me back to even,10
2021-01-14,13:48:51,when you post dd about intc calls months in advance of a move but people only care about meme stonks,20
2021-01-14,12:54:01,"stock market news for today | gme squeeze | baba , intc , tgt , afrm and other stock market news [ 01 - 14 ]",26
2021-01-13,22:43:21,intc  we did it bois !,7
2021-01-13,18:51:49,"ive only traded options once before i had intel calls , i dont even trade options but i had to buy a put on gme today after seeing it run so far . made $ 60 .",37
2021-01-13,15:18:48,my riskiest bet . # intc,6
2021-01-13,14:18:41,"intel ( intc ) ceo bob swan to step down in february , vmware ceo pat gelsinger to replace him",20
2021-01-13,14:14:59,"pat gelsinger to become intel ceo , up 12 % pm",11
2021-01-13,00:37:29,highly intelligent analyst sets $ 30 price target on $ bbby,11
2021-01-12,15:59:12,$ intc firing bob swan ; dick and balls bull flag,11
2021-01-12,06:02:36,""" army selects palantir , raytheon to support development of titan intelligence system """,14
2021-01-11,07:41:34,intellia therapeutics a cheap crispr therapeutics ?,7
2021-01-08,17:07:39,looking to find intelligence in a sea of autism,9
2021-01-06,23:20:56,artificial intelligence technology solutions $ aitx,6
2021-01-05,00:35:34,shorting intel ( dd ),5
2021-01-04,07:44:25,( lost 12k ) made a lot of money from listening to you fine intelligent folks ( was up 10k ). then tried options on mrna and airline stocks which blew my portfolio worse than having covid diarrhea . gonna convert to scientology to make these calls hit . lmk ur plays . god speed u autists .,58
2020-12-31,15:17:44,intel lets see how it will work out .. bought $ 52 . 50 strike jan 15 calls . executed at $ 0 . 31 .,26
2020-12-30,22:20:59,help on intel ?,4
2020-12-30,13:40:50,"stock market news for today | intc , pton , aapl , hd , lulu and other stock market updates [ 12 - 30 ]",25
2020-12-30,13:39:48,"stock market news for today | intc , pton , aapl , hd , lulu , amc and other stock market updates [ 12 - 30 ]",27
2020-12-30,03:18:48,intel to the moon ?,5
2020-12-30,02:42:44,intel giving me another week of gambling money,8
2020-12-29,17:42:56,"whys intel up all the sudden ? i was down like 30 % today and set an order to sell when it was around 1 . 12 and couple seconds later , contract executes .",35
2020-12-29,17:40:04,intc to the moon !,5
2020-12-29,17:35:30,any news on intc ? it mooned $ 3 in 10 minutes what is going on,16
2020-12-28,22:51:22,a question for the intelligent minds of wsb,8
2020-12-28,15:47:58,needed some got damn intelligence around here,7
2020-12-27,00:59:32,i just learnt what delta means . am i too intelligent to hang out with you retards ?,18
2020-12-26,01:15:46,discussion between two intellectuals,4
2020-12-24,12:02:43,intel and kfc announce a console that warms chicken .... tendies for everyone .,14
2020-12-23,16:53:32,i put this intel graph next to a mountain . new price target $ 8000,15
2020-12-22,17:40:12,doubled my 15k trading intelligently over 3 weeks . yolod it all on tsla calls . fuck me,18
2020-12-21,22:51:50,"after msft announced to move on their own chips , i went to do ta on intc",17
2020-12-21,18:55:24,exro validates intelligent battery technology for second life applications  pr newswire,12
2020-12-21,00:34:28,why is intel falling ?,5
2020-12-20,17:00:25,"our intelligence modifier is - 15 . roll two d20 while thinking about what calls youre going to make . if you crit , yolo calls , if you critically miss , yolo puts , if you roll 10 or more you stick to your trading strat . if you roll 9 or less , you choose a different stonk . this is new op trading strat",67
2020-12-19,16:19:06,"amd sold over 35 , 000 ryzen 5000 and ryzen 3000 cpus while intel only sold 5000 10th / 9th gen cpus in november at mindfactory",26
2020-12-18,21:35:23,"intel shits the bed again , no surprise",8
2020-12-18,21:30:39,short $ intc monday,4
2020-12-18,21:00:11,$ intc tanking today,4
2020-12-17,15:35:25,why i am bullish on intc,6
2020-12-10,07:17:57,"alright fellow intellects , i need your guidance .",9
2020-12-09,16:02:56,"the "" intelligent "" "" investor "" by benjamin graham",10
2020-12-08,20:44:25,"getting a pair of apple headphones from some $ tsla and $ pltr tendies . i wanna pay tribute to this sub , need the intellectuals ( or retards ) to decide the name .",35
2020-12-08,20:35:21,intc ( intel ) switching to team ( atlassian ) from avgo ( broadcom ' s rally ),18
2020-12-07,20:46:04,intel is fucked # 2,5
2020-12-06,16:51:37,$ intc 55 calls at 60 for 1 / 15 / 2021 . do you all think it will continue to run ? it ' s been steadily going up .,31
2020-12-06,15:33:46,50k profit off our overlord $ intc ** crayons applied for the autist **,14
2020-12-06,15:22:49,50k profit off our overload $ intc,7
2020-12-05,17:30:20,boomer gains : $ 47 . 7k profit on intel calls .,12
2020-12-04,19:22:31,will amd attract investors away from nvda like with intc ?,11
2020-12-03,03:38:39,reads the intelligent investor $ ual,6
2020-12-02,19:08:16,intel core i9 - 10900kf desktop processor 10 cores up to 5 . 3 ghz unlocked without processor graphics lga1200 ( intel 400 series chipset ) 125w,27
2020-12-02,17:48:07,intel bitches - also fuck penny stocks,7
2020-12-02,13:06:19,"apple 13in macbook air , 1 . 8ghz intel core i5 dual core processor , 8gb ram , 128gb ssd , mac os , silver , mqd32ll / a ( newest version ) ( renewed )",36
2020-12-01,19:53:50,""" ryan is a very intelligent man , and i remain as bullish as ever on gamestop ' s future ."" - nov 30 / 2020",26
2020-12-01,14:46:42,amazon and blackberry deal for intelligent vehicle platform . bb still under $ 10,14
2020-12-01,04:09:24,the new director of intelligence has some interesting private sector employment history .,13
2020-11-29,20:31:59,"are / r / wsb readers intelligent traders , or is gain porn a result of a million monkeys at a million typewriters ? take the survey .",28
2020-11-28,05:25:11,"finvolution - insane fundamentals , big data , artificial intelligence $ 2 . 23 / share",16
2020-11-27,23:40:04,biden appointing former pltr consultant avril haines to director of national intelligence,12
2020-11-27,20:11:21,pltr to the moon . are you forgetting that the next director of national intelligence was a former pltr employee ?,21
2020-11-26,23:20:19,"of 10 years of trading stocks , learning from the intelligent investor and warren buffet , i finally found out that imma retard . but retard has retard strength . here is my amd gains lol .",37
2020-11-26,16:11:37,"listen up retards , id like to give one of you a once in lifetime chance at landing a sexy intelligent wife ( without a boyfriend )",27
2020-11-26,04:20:56,buy pltr . our next director of national intelligence worked for pltr . holy mother of god . i know its old but it dropped when we didnt know biden winning .,32
2020-11-25,18:08:04,"me , an intellectual , investing in fisker so i can watch people panic when the palantir pump and dump is finished .",23
2020-11-24,09:55:49,director of national intelligence used to work at palantir .,10
2020-11-24,04:13:50,"sold uber to buy intc , ama",7
2020-11-23,18:55:30,biden picks avril haines as director of national intelligence ( former palantir consultant ),14
2020-11-20,15:28:08,the amd xilinx acquisition is the roadmap - high - end market transitioning to arm = amd stealing more intel market share,22
2020-11-12,19:24:12,"loop insights to launch uklipz , first ever artificial intelligence verified mobile video review platform for consumers and brands",19
2020-11-11,08:17:21,intel puts at open,4
2020-11-11,06:21:10,"$ aapl unveils m1 , $ intc is toast",9
2020-11-11,04:43:09,intel has x86 problems but arm ain ' t one ?,11
2020-11-10,17:12:07,cup and handle on intc,5
2020-11-02,19:44:48,intc puts for apple event ????,6
2020-10-30,13:36:38,intc big jump today ?,5
2020-10-29,03:53:30,"what is the lowest intc may go , buy / sell ?",12
2020-10-29,01:20:22,went full retard and got intel calls post earnings,9
2020-10-27,18:54:41,pick up intel 45c for cheap,6
2020-10-27,01:14:22,"amd earnings tomorrow , puts on intel ?",8
2020-10-26,18:09:09,puts on intel ! wish my ass luck ...,9
2020-10-25,19:56:19,invest in intel ??,4
2020-10-25,02:24:23,any getting buying into mark ? apparently intel might be buying them .,13
2020-10-24,09:51:18,rip intel bullish plays,4
2020-10-24,03:56:57,is intel really about to let themselves become kodak,9
2020-10-24,00:15:27,after yesterday ' s intel earnings call ... ( fixed my autism ),13
2020-10-23,23:11:50,after intel ' s earnings call yesterday ...,8
2020-10-23,21:11:59,intc did it again,4
2020-10-23,18:22:50,live look at intc ' s vitals,7
2020-10-23,15:06:33,puts on intel bob swan ( intel ceo ) cant even spell his name right,15
2020-10-23,14:37:39,intel  gains . bless lisa su .,8
2020-10-23,08:09:51,intel needs to shutdown their useless fabs and begin to order chips from tsm to beat amd like a pussy,20
2020-10-22,20:21:28,intc earnings are out !,5
2020-10-22,20:17:44,intel afterhours - down 10 % - what gives ?,10
2020-10-22,20:13:22,"my first options trade , just spare change . thought intel would tank , it did . did i do it right ? eli5 ? do your worst .",29
2020-10-22,18:32:44,thoughts on intc earnings ?,5
2020-10-22,14:35:53,back at it again gambling my tuition money . thoughts bruhs ??? intc to the moon,16
2020-10-22,13:48:33,"earnings after market intc , ehth , nkla",8
2020-10-21,23:13:31,"what do you guys think about intel , $ 57c and 59c 10 / 23",15
2020-10-21,16:52:36,"so lets say , hypothetically , that i throw 600 dollars to buy some intel stocks today for the 3q tomorrow and , for the sake of the question , if i dont die by tomorrow , will intel make a profit and give me money ?",47
2020-10-21,15:41:59,$ amd calls after $ intc earnings miss,8
2020-10-21,01:23:39,yolo on intel lfg baby 63c 10 / 23,9
2020-10-21,00:22:44,will intel go up or down,6
2020-10-16,14:40:19,monster trend on intc !,5
2020-10-14,00:05:03,my friend has 100 % of his portfolio in intc calls and shares,13
2020-10-13,05:36:42,"calls on aapl , puts on intc .",8
2020-10-12,19:05:29,intc gap fill starting ( buy calls if you have a small c0ck ),14
2020-10-11,19:52:16,you can all suck my dick . my all in intc calls are going to make me a wsb gain legend . fuck you gay bears . position : 58 . 5 10 / 30 calls + 120,38
2020-10-11,05:37:44,re : come on intc position,6
2020-10-11,05:31:07,ride $ intc to mount tendie !,7
2020-10-10,01:36:35,intc the 2 ton gorilla,5
2020-10-10,01:17:03,amd is really trying to stick it to intel  leofinance,11
2020-10-09,02:25:00,$ amd was always faster than intel cpu .,9
2020-10-08,16:51:20,puts on intc ?,4
2020-10-08,09:06:30,you better get me some shekels intel,7
2020-10-08,09:03:42,you better treat me right intel,6
2020-10-07,18:26:01,intel 53 put 10 / 16,6
2020-10-05,18:55:22,"going all in on intc when my student loan comes in , whos with me ?",16
2020-10-02,03:04:18,intel is signaling the apocalypse . calls on dooms day bunkers,11
2020-09-30,18:35:55,"here we go again .. msft calls , appl , intc , and crm",14
2020-09-29,05:27:45,"amd "" 7 nm "" transistors proven to be same size as intel 14 nm process",16
2020-09-29,05:20:32,"amd "" 7 nm "" transistors are literally the same size as intel 14 nm transistors ( some guy just posted video of electron microscope proof )",27
2020-09-27,15:07:40,intel in worse trouble than we thought ?,8
2020-09-24,17:45:50,what garbage am i reading ? are you calling me stupid ? an excerpt from the intelligent investor .,19
2020-09-24,03:22:45,intel received permission to supply huawei,6
2020-09-23,18:32:44,"amd , intel , or unity",6
2020-09-23,16:05:42,"$ intc , is it dead ?",7
2020-09-22,18:26:02,"what r ya thoughts bout raytheon ? conflict between usa / taiwan and china . a reason to buy ? a cold war ? will there be a market or a tech crash ? all tech companies produce in taiwan . apple , amd , intel , nvidia , tsm ...",51
2020-09-20,22:57:54,"amd and the 150b question , an in - depth look of amd vs intel ( part 2 )",19
2020-09-17,16:03:11,latest pcworld benchmark : intel tiger lake vs amd,9
2020-09-17,15:01:16,a new trader ' s dd on nvda vs intc,10
2020-09-15,17:34:49,i ' m still making money on slv and intc calls !,12
2020-09-14,20:57:34,how intellectuals properly invest in for their retirement,8
2020-09-14,20:40:01,i love that whooshing sound intc calls make as they go down the drain ...,15
2020-09-14,03:04:52,should i sell my intc call and put for extreme fedex otm calls ?,14
2020-09-12,04:14:45,"i ' m having trouble sifting through shitposts . is there a way to see only educational , intelligent posts ?",21
2020-09-11,18:41:14,dell ( dell ) and intel ( intc ) backing iabras virolens 20 second covid - 19 test,18
2020-09-10,12:08:11,read ' the intelligent investor ' and sold my portfolio,10
2020-09-10,05:12:06,bull case for intc,4
2020-09-08,15:25:28,intelsat is not mooning but is still better than spacex,10
2020-09-08,06:30:28,amd or intc ?,4
2020-09-08,05:44:46,"amd or intc ? obviously both you simple minded mouth breathers . dropped about 6k during the dip , mostly in amd .",23
2020-09-07,05:44:09,amd will  because of intel ' s presentation,9
2020-09-06,18:47:59,intel : the big picture and why i ' m bullish on it,13
2020-09-05,21:24:52,if smic gets banned . does intel and tsm moon ?,11
2020-09-04,16:24:40,# 86 : benjamin graham ' s the intelligent investor part 1,12
2020-09-03,18:21:16,now its the time for $ intc,7
2020-09-02,21:26:48,what do you think of fintel which tracks institutional buyers and their shares ?,14
2020-09-02,21:20:54,anyone profit on calls today for intel ?,8
2020-09-02,19:12:32,intc garbage . amd to the moon .,8
2020-09-02,18:55:23,intc gang wya ? intc 9 / 18 50c 56c,10
2020-09-02,18:54:09,wheres intc gang ? intc 9 / 18 50c and 9 / 18 56c,14
2020-09-02,15:53:25,intel event in 10min,4
2020-09-02,15:39:06,intel gang ~ to $ 60,6
2020-09-02,15:35:28,intel event in 30 mins,5
2020-09-01,20:58:13,intc will destroy amd / nvidia . septemer 2 2020 tigerlake release . intel to the moon,17
2020-09-01,17:46:00,8k intc yolo ; ~ 50 % of my savings,10
2020-09-01,02:51:08,intel gonna do shit in the next month ?,9
2020-08-31,21:04:58,"intel fanboys be like "" intel is much better than amd """,12
2020-08-31,20:50:10,so i read the intelligent investor,6
2020-08-31,20:23:01,intel smart play pt . 2,6
2020-08-31,18:04:38,i heard intel is doing something with tigers ? i love tigers,12
2020-08-31,18:03:15,"i heard intel is doing something with tigers ? sounds fuckin sweet . imagine like , a tiger powered computer . man i love calvin and hobbes .",28
2020-08-31,17:25:49,why ' s amd jumping 8 % a day before nvidia ' s big gpu and 2 days before intel ' s gpu and cpu announcement,26
2020-08-31,16:57:49,who else is playing intel calls this week ?,9
2020-08-31,16:48:37,4 . 6k intc yolo . lord be with me,10
2020-08-31,16:40:01,intc tendie train has left the station,7
2020-08-31,06:39:11,get ready for some trendies on intel,7
2020-08-30,21:05:47,follow up : smart money moving into intc - possible motivation ( 1 ),14
2020-08-30,16:21:23,seems smart money been buying up intel and been doing so exponentially .,13
2020-08-28,15:38:08,"amd founder once said real men have fabs , so puts on intc for being a real man",18
2020-08-27,15:27:32,first time investor seeking investment advice from this super intelligent group,11
2020-08-26,13:58:08,amd vs intc calls,4
2020-08-24,23:17:54,"i just spent ( bought high ) 50k on apple , nvdia , intel and amd . i am already down few %, am i stupid ?",27
2020-08-24,17:12:37,how stupid ( or intelligent ) is my tesla 2500 8 / 28 call ? am i going to get theta crushed ? or will papa elon take care of me again ?,33
2020-08-24,12:39:38,intel - why ?,4
2020-08-24,03:56:40,calling for intel bullssss !!!!,5
2020-08-22,18:19:00,intel on intel ( my dd ),7
2020-08-22,03:46:20,"decent month , rode the amd / ba / bac / intc trains",13
2020-08-21,18:27:48,am i the only retard that bought intel calls when they announced a buyback,14
2020-08-21,17:52:58,how a true intellectual ( autist ) decides where they should dump their money .,15
2020-08-21,04:52:02,your thoughts on intc,4
2020-08-20,12:40:55,intc $ 10b stock buyback,5
2020-08-20,12:37:41,thoughts on intc ' s $ 10b stock buyback ?,10
2020-08-20,12:36:47,what do you autists think about intc ' s $ 10b stock buyback ?,14
2020-08-20,12:15:55,30k intc yolo . hold or sell ?,8
2020-08-20,10:08:35,intc 30k yolo . am i toast ?,8
2020-08-20,09:24:46,30k yolo in intc . 50 % down . how fucked am i or will these recover ?,18
2020-08-20,02:55:42,intel ceo really out here reversing elons words for gains .,11
2020-08-20,02:19:03,intel too low imo,4
2020-08-20,01:31:30,"intel ayyyyyy , help a new retard gambler out understand typical buyback movements",13
2020-08-20,01:17:31,"new merger confirmed , $ intc to the moon",9
2020-08-20,01:16:03,intel options .... ayyyyy,4
2020-08-19,23:44:19,intc - time for a rebound,6
2020-08-19,22:39:10,intel and nvidia stonks moving almost inversely,7
2020-08-19,21:37:36,fuck all the intel haters -$ 10 billion accelerated share repurchase announced,12
2020-08-19,21:32:34,intc gang gang gang,4
2020-08-19,03:13:22,did you idiots buy the spce and intc dips ?,10
2020-08-18,18:50:51,""" why are my intel ics losing me so much money ? i called them perfectly ...""",17
2020-08-18,14:56:00,intellibed license revenue - anyone know intellibed sales ?,9
2020-08-17,16:50:15,so why is no one talking about intc ?,9
2020-08-17,16:09:15,intc buy the ( extremely credible ) rumor !,9
2020-08-17,00:32:39,conan shows us why $ intc is a garbage company,10
2020-08-17,00:28:16,conan shows us why $ intc is a garbage company destined for failure . i ' d rather jerk off my wife ' s boyfriend than work in those cubicles,30
2020-08-16,16:18:03,intel is a buy . short the tits out of amd / nvda .,14
2020-08-15,23:58:43,wsb vs . the intelligent investor,6
2020-08-15,02:35:46,new transistor technology boosts intels chip performance 20 %,9
2020-08-14,23:39:07,intc $ 49 put,4
2020-08-14,20:25:11,intel gaining steam and bound for a flip flop with amd,11
2020-08-14,20:17:05,buy intel while you can you fools,7
2020-08-14,12:54:52,play that funky music intc,5
2020-08-14,01:55:21,"intc calls !!! expire tm , who ' s with me !?!?",12
2020-08-14,00:59:18,f intel all my homies hate intel,7
2020-08-13,18:35:08,looks like intc isn ' t out of the fight . 49c 8 / 28,15
2020-08-13,07:24:13,intels new chipset announced,4
2020-08-12,22:58:10,intel ex - employee reveals insider details on company policies up to the 7 nm delays,16
2020-08-12,14:34:26,"am i the only one that thinks intel , intc , is mad underpriced right now ?",17
2020-08-11,22:51:57,$ intc in a nutshell,5
2020-08-09,21:39:55,intc is screwed even more . amd,7
2020-08-08,17:06:28,intel ceo bought $ 400k of intel stock and upcoming tiger lake,12
2020-08-08,16:27:02,intc $ 49c 8 / 28 . atvi $ 54 . 5c 8 / 28 . slv $ 26 . 5c 9 / 18 . wen $ 24c 9 / 18,31
2020-08-08,15:43:40,intc insiders have been buying shares the past couple of weeks .,12
2020-08-07,21:04:32,intel puts are probably a good play right now,9
2020-08-07,19:30:34,"intel confendencial leaks , intel puts ?",7
2020-08-07,19:05:56,intc 8 / 21 50c ... hope for a bounce or cut my losses ?,15
2020-08-07,18:48:47,"intel breached , 20gb posted online with more to come . intel is a dumpster fire , 45p 8 / 14",21
2020-08-07,14:37:27,intel data breach and backdoors leaked,6
2020-08-07,12:57:01,intel has had its source code leaked .,8
2020-08-07,12:06:21,more bad news for intel,5
2020-08-07,07:18:14,hi guys i bought puts for intel how do i make money ?,13
2020-08-07,06:54:12,hi guys i bought put for intel now how do i make money ?,14
2020-08-07,03:26:50,"intel hacked : confidential files , backdoors obtained and leaked by anonymous hacker",13
2020-08-06,23:23:29,who else is holding the bag for intel ?,9
2020-08-06,20:41:37,"short message suggests shorting intel might be a good bet , based off the provided intel .",17
2020-08-06,20:06:24,$ intc ( intel ) - huge internal breach and leaks,11
2020-08-06,19:32:49,fyi intel is going down,5
2020-08-06,18:44:56,reported intel data breach - buy puts boys,8
2020-08-06,18:40:21,"massive 20gb intel data breach floods the internet , mentions backdoors - buy puts boys",15
2020-08-06,18:07:35,intel massive data leak,4
2020-08-06,16:05:36,9 / 4 intc 54 $ calls,7
2020-08-06,15:53:30,now listen i know some of you have way more intc than me -,14
2020-08-06,06:15:38,intc - why you should not hold intel stock long term !,12
2020-08-05,21:15:45,nice . going all in intc 69c . 8 / 7,11
2020-08-05,20:36:05,atvi and intc are getting beat down for no reason,10
2020-08-05,19:58:09,apple shipping latest laptop with intel chip,7
2020-08-05,13:25:33,intc is actually a pretty good deal,7
2020-08-04,23:01:24,bringing my girlfriend to the dark side ( 9 / 4 intc 54 . 50 $ calls got me feelin some type of way ),25
2020-08-04,19:18:52,me still holding 1 . 2k shares of kodak i bought at $ 46 . just sold like 100 shares to buy intel . this literally cannotnot moon . ive said it once . ill say it again . hloding till i d i e .,46
2020-08-04,18:01:33,intel - undervalued and due for pop ( cheap options play ),12
2020-08-04,16:06:14,intel $ 49 . 5 call 9 / 11,9
2020-08-04,15:01:23,intc buy buy buy,4
2020-08-04,10:15:46,"intc about to go to the moon .. and by that i mean that the rocket is made from cardboard and the engineer is the collected braincell from all of wsb . abort mission amigos , intel is only taking off in our dreams any time soon .",48
2020-08-03,23:20:43,plays on intc ?,4
2020-08-03,21:31:34,intc - it cannot go tits up,7
2020-08-03,20:40:26,$$$ intc $$$ did i learn any lesson ? always average down !,13
2020-08-03,19:48:28,intel by 8 / 21 ?,6
2020-08-03,19:43:16,intel by 8 / 21,5
2020-08-03,16:17:16,intc investor class action lawsuit,5
2020-08-03,16:10:18,intc [ bullish ],4
2020-08-03,15:16:31,someone lost on intc ..,5
2020-08-03,03:05:17,$ intc 9 / 11 $ 60c yolo,8
2020-08-02,23:43:15,anyone placing calls on intel,5
2020-08-02,13:29:20,am i crazy ? intc,5
2020-08-01,04:04:36,intc $ 50c 8 / 21 ?,7
2020-08-01,03:56:55,intc $ 50c 8 / 21 bought on july 24 after they announced they couldnt get the 7nm and all the money went to amd . decided to buy 2 at $ 2 . 44 each . im average down to $ 1 . 61 but its valued at $. 48 so far . should i buy more ? and is intel going to pass 50 $+?,67
2020-07-31,22:53:57,hey autists . until now i have only lost money in the crypto scene but id really like to do the same in stocks . where did you faggots get your intel on vocab from ?,36
2020-07-31,19:05:41,bought the intel dip weeks ago . its still dipping .,11
2020-07-31,18:40:55,how screwed am i with intc ? need autistic advice !,11
2020-07-31,16:52:23,"$ 1 , 000 and a dream thanks to intc / amzn weeklies",13
2020-07-31,16:51:15,intel calls are a bargain currently,6
2020-07-31,14:23:10,intc calls making me want to commit toaster bath,9
2020-07-30,18:47:16,looking for a used lambo suitable for a retard . intc $ 44 put 9 / 4,17
2020-07-30,10:48:41,tired of these intel dumbasses,5
2020-07-30,01:10:11,lets cut the bullshit with the doom and gloom for $ intc,12
2020-07-29,19:50:07,should i cut losses on intel ?,7
2020-07-29,19:15:13,will $ intc rally ?,5
2020-07-29,17:46:51,trump and intel seek semiconductor self - sufficiency . bought $ 55 /$ 60c 1 / 15 / 21,19
2020-07-29,16:59:49,yolo on intel ??,4
2020-07-29,14:18:38,seriously wtf is up with this ridiculous intc oversell ? ffs !,12
2020-07-29,14:10:44,seriously wtf is with this ridiculous intc oversell ? ffs,10
2020-07-29,13:44:07,"as i research who to invest in , amd vs intel , nvidia , apple",15
2020-07-29,06:07:00,guess who was long on intc and actively monitoring their price after close ...,14
2020-07-29,01:56:30,bought intel at $ 50 a couple of days ago ... sold during this first spike at $ 59 and the immediately bought back in at $ 49 ! forgot to set alert and missed second rocket ...,38
2020-07-28,20:35:31,my favorite investment strat from reading the intelligent investor .,10
2020-07-28,13:23:17,sell intc before amd earnings ?,6
2020-07-28,05:59:05,double dipping amd and intel ?,6
2020-07-28,01:59:04,"intel fires retards behind 7nm delays , buy calls ?",10
2020-07-27,23:14:47,"intel designers jumping ship , intc to 0 i presume",10
2020-07-27,22:23:24,intc $ 46 call 08 / 21 / 20 exp,10
2020-07-27,22:21:20,intc thoughts on $ 46 call 08 / 21 exp,10
2020-07-27,19:55:04,intel could be planning something big and could win big,10
2020-07-27,19:00:12,intel call thoughts ?,4
2020-07-27,16:16:38,intc reverse butterfly iron condor confirmed,6
2020-07-27,13:58:20,anyone buying the intel dip today ?,7
2020-07-27,10:15:35,intel gang raise up !,5
2020-07-27,10:15:19,third lot of 6 arrows coming to a close . buy puts 7 weeks out . intc 9 / 18 40p,21
2020-07-27,02:16:05,"i ' ve been working on a pretty thorough competitive analysis for amd and intel , enjoy the free money",20
2020-07-27,02:14:26,"i ' ve been working on a pretty thorough competitive analysis for amd and intel , enjoy the free money ( sound on )",24
2020-07-27,01:23:25,boeing intel spotify ge *$* amd ( inversing intel ) wynn fe walgreens,13
2020-07-27,01:19:28,boeing intel spotify ge *$* amd ( inversing intc ) wynn fe walgreens,13
2020-07-27,00:04:37,intel gang stand up !!!!!!!,5
2020-07-26,16:55:31,intel gang in this mf,5
2020-07-26,10:37:32,three waves of 6 spikes . inflection4 starts next week . buy puts for 7 weeks out . intc 9 / 18 40p,23
2020-07-26,08:03:12,intel gang stand uppp,4
2020-07-26,05:41:26,intel stunning failure heralds end of era for u . s . chip sector,14
2020-07-26,00:43:56,intel heralds end of era,5
2020-07-25,23:42:37,how much did intel drop last time they delayed their chips ?,12
2020-07-25,16:50:43,intel gangggg raise up,4
2020-07-25,16:23:07,"intel dd - dependant on amd ' s 10 - q / k , it may be time to short .",21
2020-07-25,16:16:21,i was having a discussion about amd and decided to do some dd on intel to really determine where they make their money .,24
2020-07-25,03:14:27,amd vs intel this week ...,6
2020-07-25,02:47:40,"be ready next week amd tards , intel gang here",10
2020-07-25,02:06:38,who knew goku uses the amd / intel kamehameha wave,10
2020-07-24,22:56:14,your moves on $ intc next week ?,8
2020-07-24,21:03:06,buying that intel dip was a no brainer,8
2020-07-24,20:58:33,intel tendies next week,4
2020-07-24,20:04:36,thank you sue bae . knew amd would shoot up once intc reported earnings . 180 $ 61 calls purchased right before close yesterday . $ 4 . 5k > $ 105k,32
2020-07-24,19:01:24,was getting into intel today a terrible idea ? first big losses this week ...,15
2020-07-24,18:32:20,newbie hit on 1 intel put,6
2020-07-24,17:03:24,intel delays are nothing new,5
2020-07-24,16:35:58,congrats to u / rathadin for his well - informed rant on $ intc - he nailed it,18
2020-07-24,14:38:21,who else is yoloing intel ? why did they just fall off a cliff lol ?,16
2020-07-24,14:35:37,intc down 16 %,4
2020-07-24,14:24:43,anyone buy intel $ 52 . 5 puts ?,9
2020-07-24,14:17:26,intc down 17 %,4
2020-07-24,13:40:42,intc puts . gambled $ 150 and walked away with $ 1400 .,13
2020-07-24,04:54:43,amd and intel forming the rare goku kamehameha wave . nvdia calls to the moon !!!,16
2020-07-24,04:48:24,the amd intel kamehameha wave ...,6
2020-07-24,00:14:48,no - risk iron condor on intc . how is this possible ?,13
2020-07-23,22:45:38,msft a major value right now . intc @ 54 big time deals n steals .,16
2020-07-23,22:28:26,the amd intel kamehameha wave,5
2020-07-23,21:01:16,really stupid intc strangle that may pay out . also i ' m poor .,15
2020-07-23,20:33:04,who else getting some intel fd tendies with me tomorrow ?,11
2020-07-23,20:27:32,who else bout to get some nice fd tendies from intel ?,12
2020-07-23,20:20:44,intel call holder support thread,5
2020-07-23,20:10:50,"intc , amd , or mu ? go",8
2020-07-22,19:15:38,amd just became worth more per share than intel . here ' s why .,15
2020-07-22,17:39:41,thought i would ask my very generous professor for some intel,11
2020-07-22,07:00:12,idk i feel like intel is gonna miss . holdin this bad boy til earnings tho,16
2020-07-21,13:34:14,intel really do be charging you a subscription to use ram at its default speed ...,16
2020-07-20,13:08:12,this is better than what ford is paying intel ( mobileye ) to do . robocop used $ mvis,19
2020-07-16,17:16:25,we are true intellectuals,4
2020-07-15,20:15:45,we are truly intellectual,4
2020-07-15,17:00:36,have i joined the ranks or is this an intelligent play ?,12
2020-07-14,06:48:08,can someone explain is para from the intelligence investor ?,10
2020-07-12,13:49:43,lenovo miix520 intel core i7 8550 8gb ram 512gb ssd 2 in 1 windows,14
2020-07-07,10:59:25,"first ever dd - amd , nvda , and intc",10
2020-07-07,10:50:23,"amd , nvda , and intc - first attempt at a dd",12
2020-07-06,20:11:43,aitx is a penny stock . 1 in a billion thats only . 02 cents headed up to over $ 2 . 00 they sell artificialintelligents regarding wearing masks for covid 19 this stock is like buying the next amazon years ago !!! aitx =$$$$,45
2020-07-02,14:18:21,aitx a company called artificial intelligence !! will climb from . 02 cents to $ 1 . 00 by next week !! it replaces human security guards !! and there ' s a merger and pr headed out ! rated a strong  buy and hold,46
2020-06-29,21:46:30,a ( very intellectual ) analysis of today ' s market gains [ trigger warning ],16
2020-06-26,22:01:35,fb is totally screwed ... ai ( autistic intelligence ) below ...,12
2020-06-26,21:21:48,"anybody know what was up with the sell off of amd , intc and qcom right before close ?",19
2020-06-26,13:49:13,"load up on intel , amd and nvidia now !",10
2020-06-25,07:37:47,"intel caught sort of cheating on benchmarks , "" again """,11
2020-06-23,19:15:48,"$ intc if intel lost apple as a customer , it would be good news : intel would be better off without apples cpu chip business",26
2020-06-23,18:39:14,intel will be fine after losing mac business,8
2020-06-23,18:35:45,time to short intel,4
2020-06-23,08:33:35,apple ditches intel cpu on its laptops,7
2020-06-22,19:15:40,friendship ended with intel,4
2020-06-22,18:50:22,quit thinking intel will drop from the apple news,9
2020-06-22,18:50:14,f thread for intc shorters,5
2020-06-22,11:57:30,"this is good for amd  apple to update developers , possibly signal split from intel",16
2020-06-21,19:38:55,intel going down ?,4
2020-06-19,15:00:44,life came at intel real quick,6
2020-06-19,07:28:25,in depth analysis of amd vs intel ( part 1 / 2 ),13
2020-06-19,01:04:22,get the fuck out of intel and get out immediately .,11
2020-06-17,01:45:57,i think now is the time to reveal to the world my artificial intelligence algorithm that can predict stock market movements . this is the output .,27
2020-06-16,20:46:20,apple officially announcing move away from intel next week ? and other bad intc trends,15
2020-06-16,01:39:11,"me , the intellectual , shorts the stock and loses all of my college fund",15
2020-06-14,15:03:44,"if you think donnie was going to sit around all weekend and let more red dildos bone intelligent smart investors like us retards on monday , think again !",29
2020-06-13,02:08:38,intel $ 50 p 6 / 26,7
2020-06-12,13:41:17,the intellectual hubris of bears never ceases to amaze me .,11
2020-06-12,13:36:18,the intellectual hubris of gay bears never ceases to amaze me,11
2020-06-12,11:40:02,autism = high intelligence ( j . peterson ),9
2020-06-10,19:48:30,intelsat to the moon ??,5
2020-06-09,16:57:31,"dd : short intel , apple is switching to arm",10
2020-06-09,13:57:34,apple announcing theyll no longer use intel processors,8
2020-06-09,13:34:58,apple drops intel cpu . puts on intc,8
2020-06-08,11:14:43,chapter two of intelligent stock market investors,7
2020-06-07,17:19:54,thoughts on lk . anyone with good dd . looking to grab a spike as this stocked tanked due to cooking the books . the coo was ousted . and they are a huge starbucks competitor in china . looking to profit off the swings and need intel if anyone has it .,53
2020-06-06,03:38:21,"went long on intel , abbot , amd , and made $ 180 on an american airways our option .",20
2020-05-26,12:46:46,here ' s a picture of me when i was more intelligent alongside my solid dd,16
2020-05-26,09:02:35,[ amd ] linus torvalds drops intel and adopts 32 - core amd ryzen threadripper on personal pc,18
2020-05-25,05:31:28,"it is late i can ' t sleep , so let ' s look at unusual options activity with intel",20
2020-05-25,00:41:07,"scion asset management , llc - 13f holdings - dr . michael burry - fintel . io",17
2020-05-22,23:42:33,"bloomberg has found us out again . some choice quotes : "" ok , retail is going in and being crazy ."" "" wall street says it will end badly ."" "" it ' s a gamble , an intellectual gamble .. it ' s all about sheer luck """,50
2020-05-21,23:15:13,"man reads the intelligent investor 20 times , still an unintelligent investor",12
2020-05-21,21:38:19,"man reads the intelligent investor 20 times , still an unintelligent investor .",13
2020-05-20,15:02:14,all - in on intc - no way this shit holds above 62,13
2020-05-20,00:11:22,"$ intc consolidating , a big move soon",8
2020-05-19,16:17:19,microsoft ($ msft ) debuts supercomputer for creating human - like artificial intelligence,13
2020-05-19,01:19:40,ok intelllegencia of the stonk kingdom ... will you share to us how you interpret this move in stocks ?,20
2020-05-19,01:17:51,ok intelligencia is the stonk kingdom .... what does move mean to you ?,14
2020-05-15,13:04:05,sen . richard burr stepping aside as intelligence committee chair amid fbi investigation of senators stock sales,17
2020-05-14,16:21:36,sen . richard burr steps down as senate intel chair during coronavirus stock sale probe,15
2020-05-12,07:42:29,my intellectual reaction to musk ' s possible incarceration .,10
2020-05-08,05:36:48,"tencent , intel , and cuckso ( cisco ) making calls next week",13
2020-05-07,00:03:15,amd vs intel vs nvidia,5
2020-05-05,19:13:34,"selling / long - putting boeing is a baffling and unintelligent move that doesn ' t have any rational basis , warren is wrong , and why you shouldn ' t bet against defence . dd",36
2020-05-03,22:45:06,us intelligence documents accuse china of covering up coronavirus outbreak severity to hoard supplies,14
2020-05-02,14:05:09,"short all chinese stocks , chinese is done for ... "" a damning dossier leaked from the five eyes intelligence alliance claims that china lied to the world about human - to - human transmission of the virus ...""",39
2020-05-01,13:40:47,the case for shorting intel . $ intc,8
2020-04-30,19:20:33,"intel could reach new peaks in 2020 and beyond , says bullish bofa",13
2020-04-30,01:36:37,$ intc ichimoku bullish signal,5
2020-04-29,07:31:22,look at the weekly chart for intel . amd will do the exact same thing .,16
2020-04-29,00:09:25,intelsat ( i ) sucks so bad .,8
2020-04-28,23:54:13,intelstat sucks . that is all .,7
2020-04-28,11:06:00,the biggest mistake investors make ( 2020 ) - the intelligent investor,12
2020-04-27,20:08:17,intels 2020 forecast is grim,5
2020-04-26,21:12:19,book : the intelligent investor by benjamin graham,8
2020-04-26,02:05:34,us intel confirms kju walking on his own,8
2020-04-24,21:24:03,small cap value - how to yolo your ira / 401 ( k ) intelligently,15
2020-04-24,01:14:57,riding the intel rocket to hell . $ 130 into $ 2300 in less than 7 minutes .,18
2020-04-23,23:45:05,the problem with the brrr meme is that its an intellectual shortcut that prevents you from trying to understand the complexity of this unprecedented global crisis,26
2020-04-23,20:26:23,"it took mere hours to compile the average intellect , gains , losses , and overall competence of the average wsb user . i present to you , an actual representation of you , yes you reading this . enjoy .",41
2020-04-23,20:20:39,wtf is up with intc,5
2020-04-23,20:11:35,intel drops 4 . 5 % as soon as market closes,11
2020-04-21,20:45:30,guys please get intel trending on twitter so 66 strike call expiring on 4 / 24 an make money . i got the ball rolling .,26
2020-04-21,20:40:03,intel earnings play gone wrong,5
2020-04-21,15:43:13,"goldman , "" we predict a 36 % drop in apple ."" - bulls , "" goldman is always wrong !"" intellectual :",23
2020-04-20,06:52:44,positions for tommorow . looking at intc calls for 5 / 1,12
2020-04-19,04:23:17,intel earnings this week,4
2020-04-18,20:44:21,dump on intel before earnings,5
2020-04-18,04:26:12,5 / 15 intc 65c before earnings . is this my introduction to r / wallstreetbets retardism ?,18
2020-04-12,03:01:54,"smh will dump . short nvda , amd , intc",10
2020-04-10,18:31:25,algos and artificial intelligence mooned the markets after humans were taken off the floor on 3 / 23 ... wtf,20
2020-04-06,02:01:15,thought this was very interesting to read . u / ofortunaa provides a breakdown why trump fired intelligence community inspector general michael atkinson right now and why it matters,29
2020-04-03,13:09:53,"2030 : "" what ' s intel ?""",8
2020-04-01,18:18:33,"breaking : china has concealed the extent of the coronavirus outbreak in its country , under - reporting both total cases and deaths , the u . s . intelligence community concluded in a classified report -",37
2020-04-01,16:38:08,"china concealed extent of virus outbreak , u . s . intelligence says",13
2020-03-28,14:59:40,people with intellectual disabilities may be denied lifesaving care under these plans as coronavirus spreads,15
2020-03-28,13:18:27,might be too intelligent for the newbie,7
2020-03-27,03:06:51,sbux intel of 1 store,5
2020-03-26,20:10:23,"can somebody intelligent explain why 50 , 000 spy 210 puts were bought ?",14
2020-03-24,20:55:06,intc pulling back on share re - purchase and borrowing money - good or bad ?,16
2020-03-23,19:52:11,intel you big bitch,4
2020-03-20,02:53:20,we should mod senate intelligence committee chairman richard burr ( r - n . c .),16
2020-03-20,02:23:36,intelligence chair richard burr unloads stock after reassuring public on,10
2020-03-20,00:04:23,senate intel chair unloaded stocks in mid - february before coronavirus rocked markets,13
2020-03-19,22:50:10,"wsb : spy puts = tendies . me , an intellectual :",12
2020-03-19,08:07:47,the intellects at / r / incesting are losing entire retirements,11
2020-03-16,15:37:04,united natural foods ( unfi ) stock = at least 500 % gain for intelligent investors,16
2020-03-16,11:37:14,"til that bears are considered by many wildlife biologists to be one of the most intelligent land animals of north america . they possess the largest and most convoluted brains relative to their size of any land mammal . in the animal kingdom , their intelligence compares with that of higher primates .",53
2020-03-16,05:02:51,for my fellow  out there on this glorious monday : bears are considered by many wildlife biologists to be one of the most intelligent land animals of north america . they possess the largest and most convoluted brains relative to their size of any land mammal .,48
2020-03-16,02:40:16,"dd : considered by many wildlife biologists to be one of the most intelligent land animals of north america , bears possess the largest and most convoluted brains relative to their size of any land mammal .",37
2020-03-16,00:24:03,"congrats , the intelligence of bears compares to that of higher primates !",13
2020-03-14,21:32:11,"i would like to point out that even if the market doesnt rocket back up , nor drops like a rock on monday , we should do the reasonable and intelligent investor thing .",34
2020-03-13,07:05:49,there are some very intelligent people over on facebook .,10
2020-03-10,23:20:47,intc reports they have a chinky pox case at their chandler manufacturing plant .,14
2020-03-10,05:11:13,the trump administration is stalling an intel report that warns the u . s . isnt ready for a global pandemic,21
2020-03-10,01:47:11,intel is back baby !,5
2020-03-08,02:19:48,get your puts set for intc,6
2020-03-06,23:38:12,long $ intc short $ amd intel pentium processor 4 leaked . intel is back from the dead . sike su bae is laughing,24
2020-03-06,19:03:24,intel security flaw dd,4
2020-03-06,16:22:49,a classmates instagram story . looks like benjamin graham will be rewriting the intelligent investor,15
2020-03-06,04:43:31,wild stock - market swings are emotionally and intellectually wearing on wall street,13
2020-03-04,23:55:53,any spread masters  out there ? wat do with these call spreads ? need some 6d checkers intelligence .,20
2020-03-04,06:47:54,"before hostilities ensue , let me begin by saying i searched for anywhere else to post this , but the reality is this place is the absolute authority and intelligence hub when it comes to anything trading related .. with that being said what the hell are these coupons issued by morgan stanley ?",54
2020-03-03,05:01:24,"$ intc , don ' t let them pimp smack you up",12
2020-03-02,21:22:23,"robinhood to file article 8 section c : in any event of data , server , or any other source of intelligence damage and rendered irreversible or counter intuitive in attempt for recovery of such intellgence , robinhood will only be liable for 2 cents to a dollar of clients assets .",52
2020-03-01,13:58:34,intc rises to 57,4
2020-02-29,05:36:56,corona virus confirmed in portland or area . nike world headquarters and lots of intel and amazon employees here .,20
2020-02-28,17:56:21,why is fucking intelsat going down ?,7
2020-02-28,17:50:55,"intelsat , why is it going down ?",8
2020-02-28,14:45:36,intelsat and fcc meeting today regarding c band payout,9
2020-02-28,14:35:17,let ' s use group intelligence to estimate when amd stock is going to finish plummeting .,17
2020-02-26,19:29:41,intelsat on friday ?,4
2020-02-25,01:53:03,itll go back up ! intel calls,7
2020-02-23,05:44:04,intelsat ($ i : nyse ) bidding war with fcc,10
2020-02-21,07:43:21,$ intc bullish flag beware cuck bears,7
2020-02-21,01:46:21,intel is way undervalued and calls are cheap,8
2020-02-21,00:56:12,holding $ amd ? consider $ intc 3 / 20 for some wicked tendies before the virus news dies out,20
2020-02-20,15:14:03,intelsat - stock symbol i,5
2020-02-20,14:14:26,to those who decided to short intelsat yesterday ...,9
2020-02-19,17:57:15,"okay , very intelligent people first time trading a option how much profit did i make ? did i make a 360 $ profit or is it 360 $ minus 156 $? thanks",33
2020-02-18,21:58:23,"what should i sell to buy more intelsat , deac , spce calls ?",14
2020-02-18,21:05:21,"so i got some intel options , a week ago ! now that its been working swell for me im at a crossroads with what to do with them ! any help is appreciated !",35
2020-02-18,18:27:38,$ intelsat up huge today with appaloosa taking huge stake and challenges fcc decision on satellite rollout next week,19
2020-02-18,18:16:32,"$ intelsat bouncing off lows , huge move in options ... earnings on thursday , appaloosa takes large stake , challenges fcc with satellite rollout",25
2020-02-18,18:06:45,intelsat ( i ),4
2020-02-18,16:01:09,ride or die . i feel bad for intel investors,10
2020-02-11,22:20:29,hello i am new and i am asking for your intellectual support .,13
2020-02-10,21:10:39,im reading intelligent investor - are bonds stocks and stocks bonds ??,12
2020-02-07,03:47:35,one to watch : intelsat,5
2020-02-06,22:18:40,"so this is a fairly new topic with gene editing out of the 3 companies which will be king ? editas medicine , crispr , or intellia therapeutics ??? asking for a friend ....",34
2020-02-06,17:52:54,intelsat 4 $ calls are . 01 . yolod 500,10
2020-02-06,16:34:37,"robinhood is a piece of shit , yet i continue to use it . intelsat really giving you that big of an issue rh ?",25
2020-02-05,17:37:09,bull call of the week - intc,7
2020-02-04,22:51:01,tesla calls fucked me . etoro automatically sells at 50 % loss . hope you autisms enjoy your gains as not all are so intelligent,25
2020-02-04,07:27:13,"intel , and the fall of an industry titan . an look into the future and past of intel .",20
2020-01-29,20:13:48,dd inside intel is going to blow up,8
2020-01-29,18:13:40,so realistically all the china etfs should drop on monday right ? got so many puts on fxi and mchi ill be at one hell of a loss if they dont . i might decend from full spectrum autist to intellectually deficient .,43
2020-01-27,15:07:30,13 . 7k from intc puts exp 1 / 31,10
2020-01-27,09:28:12,intc - would not be surprising if buffett accumulates,9
2020-01-24,23:39:34,[ intel > amd ] will amd fall to $ 45 ? pe huge gains on monday market open ? need yolo fds feeling autistic,25
2020-01-24,22:54:20,selling all my intel stock for amd before q4 earning report 1 / 28,14
2020-01-24,21:26:29,intel and boeing calls first win in 2 years,9
2020-01-24,19:30:02,well ... at least intel is doing well ..,9
2020-01-24,17:46:28,is intc the new amd ?,6
2020-01-24,16:59:56,why we should buy intel too .,7
2020-01-24,12:39:01,intel reported great earnings so the satanist community joined into stonks,11
2020-01-24,02:18:01,intc to 70 by eom . 80 by march .,10
2020-01-23,23:22:38,boeing calls randomly saved me today and i took everything and yolod into intc calls 1 / 31 $ 64 before close . need one more double down for the 10k il have tomorrow .,35
2020-01-23,23:19:29,ubs ups price target of nvda 25 %. intc data center sales increase . nvda up ah,17
2020-01-23,22:30:46,amd ah post intc earnings,5
2020-01-23,21:46:32,intels stock jumps 7 % on better - than - expected earnings and revenue,14
2020-01-23,21:41:38,"my fake account up 5 % on intc earnings report matching q3 2019 , hope someone capitalized on this with real money",22
2020-01-23,03:00:32,intel earnings will update friday,5
2020-01-23,01:11:00,ultimate intel earnings play,4
2020-01-22,19:14:23,buy intel call options : dd,6
2020-01-22,18:57:47,intel sucks ass . playing puts on earnings,8
2020-01-21,12:59:00,short intel into earnings ( dd inside ),8
2020-01-21,10:59:12,short $ intc - i am a google images technical analyst and i wanted to warn you all after my incredible discovery on this shitty company .,27
2020-01-20,13:16:14,intel server chip shortages continue to bite : hpe warns of xeon processor supply drought for the whole of 2020,20
2020-01-20,04:11:04,intel will / could be using tsmcs 7nm process in their 2nd generation gpu,14
2020-01-20,03:08:20,intel ' s 2nd gen xe hp dg2 gpu rumored to be produced on tsmc ' s 7nm in 2022,20
2020-01-19,03:12:51,how to know if youre intelligent or not .,9
2020-01-10,22:29:27,"thank you intel , for hiring me so i can spend my paychecks on amd",15
2020-01-09,00:28:44,if amd doesnt hit $ 50 tomorrow i ' m going out to get myself an intel cpu,18
2020-01-07,21:37:19,long $ amd . this is ridiculous for $ intel,10
2020-01-06,20:11:39,looks like intel is forced to use amd mother boards,10
2020-01-06,20:01:41,intel forced to use amd motherboards,6
2020-01-06,19:04:29,intc 6k yolo in april 60c ' s,8
2020-01-05,23:14:56,big intel that turkey will invade syria tomor,8
2020-01-03,19:25:50,imagine being a bear  stocks only go up and not even trade wars or blowing irans top security and intelligence commander up could stop it,26
2020-01-03,17:18:33,you ' d think investopedia would a bit intelligent,9
2020-01-01,18:56:18,real reason intel why failed to deliver 10nm for so long is because of feminism,15
2019-12-29,19:42:05,has intel decided to stop getting penetrated by amd ?,10
2019-12-16,14:41:05,intel buys israeli ai chip co habana labs for $ 2b,11
2019-12-11,16:06:59,"we are all autistic retards when it comes to "" investing "", but i bet most of us are pretty intelligent people with a gambling problem using this as an outlet .",32
2019-12-11,04:10:26,new exploits found on intel cpus . time to short intc ?,12
2019-12-08,11:38:42,intel is giving up the cpu market !,8
2019-12-07,22:48:03,amd and / or intel call or put ? how long ?,12
2019-12-06,02:31:41,intel : currently a low growth dividend stock - iot is the future - intel corporation ( nasdaq : intc ),21
2019-12-04,15:15:11,intc - research play - thoughts,6
2019-12-03,18:40:49,intel internally announces massive q1 layoffs,6
2019-12-03,15:18:45,$ intc planning massive q1 layoffs,6
2019-12-02,16:37:52,"apple ' s acquisition of intel ' s smartphone modem business completed , intel admits ' multi - billion dollar loss '",22
2019-11-25,17:10:49,found this gem of advice from the 2003 edition of the intelligent investor .,14
2019-11-25,11:27:18,"cisco , singularitynet to decentralize artificial intelligence via blockchain - coindesk 10 million market cap # 276 near all time low",21
2019-11-25,11:19:28,"amd calls , threadripper announcement and intel dropping the ball",10
2019-11-24,19:47:24,proof of contribution  iexec documentation documentation partnered with intel ibm microsoft and alibaba cloud rlc iexec,17
2019-11-23,13:32:58,team  enigma secret contracts for enterprises who want privacy for data health care finances intel partnership 100x roi potential mit team,22
2019-11-22,19:29:18,"chainlink - i exec rlc the next big thing ? rlc partnered with intel , microsoft ibm alibaba cloud",19
2019-11-21,15:30:35,intellectuals over at marketwatch,4
2019-11-21,13:50:15,how should i intelligently purchase a call ?,8
2019-11-21,00:50:04,is it finally time to kill the giant - intel ?,11
2019-11-20,22:52:20,"iexec rlc is now an official member of the confidential computing consortium . the organization gathers major tech companies including alibaba , baidu , ibm , intel , google , and microsoft to improve enterprise standards .",37
2019-11-20,15:39:55,"amd is killing it against intel and gaining on nvidia , but can they compete in new paradigm of semiconductorless computing ? spoiler : fuck no they can ' t .",31
2019-11-19,14:19:57,begining of the end of intelsat,6
2019-11-19,02:40:11,puts on intelsat still good,5
2019-11-18,22:48:21,"after intelsat ' s huge plunge today , would you buy now or wait ?",15
2019-11-15,16:02:07,built ai ( vaccinated intelligence ) that learns from trading mistakes . after 9 days it had the courage to trade,21
2019-11-15,04:55:01,"[ verified ] hey everyone , anderson cooper here ! i ' ve heard a lot about you guys in the wake of this community ' s hacking of robinhood , and hope to collaborate with you on a new show i ' m starting on cnn . it delves into what makes the such internet a special place that harbors intellectual achievement .",64
2019-11-15,04:44:56,"[ verified ] hey everyone , anderson cooper here ! i ' ve heard a lot about you guys hope to collaborate on a new show i ' m starting on cnn . it delves into what makes the such internet a special place that harbors intellectual achievement .",49
2019-11-14,15:16:50,"............................................................................................................. fuck u , intel !",6
2019-11-11,16:18:38,"iexec demonstrates tcf confidential computing application at devcon5 with eea , intel , consensys and",15
2019-11-05,08:44:39,can someone yolo short intel on my behalf,8
2019-10-29,13:13:43,do we see intc going anywhere above 56 ?,9
2019-10-26,15:54:16,"$ amd theorycraft , $ intc comeback",7
2019-10-24,23:59:02,for sale : intel puts,5
2019-10-24,22:26:59,intc - q3 earnings discussion .,6
2019-10-24,22:12:02,intc - earnings discussion .,5
2019-10-24,19:40:28,buy intc puts before close,5
2019-10-24,16:41:06,"short intel , in depth dd below",7
2019-10-24,14:00:34,buy puts on intel .,5
2019-10-18,10:17:00,does anyone have experience with interactive market intelligence data platforms ?,11
2019-10-12,18:21:16,we have officially set the record for the fastest cycle of trumps intelligent trade strategy ( tits ) ever !,20
2019-10-10,06:17:21,"dd came to me in a dream . the dream said buy puts , probably on $ intc .",19
2019-10-07,21:53:22,what do you intellectuals think about the overnight repo lending ? another $ 45b tonight,15
2019-09-29,22:20:36,house intel committtee has reached an agreement for trump - ukraine whistleblower to testify ' very soon ',18
2019-09-26,12:42:18,house intelligence committee releases whistleblower complaint about trump,8
2019-09-24,15:08:00,president trump kept talking about how he won ' t negotiate a deal that doesn ' t include intellectual property changes . could this be holding the trades back ? $ spy puts ?,34
2019-09-15,22:32:41,microsoft ditches intel : surface laptop 3 might use the powerful amd ryzen chips,14
2019-09-09,20:34:49,"failure is simply the opportunity to begin again , this time more intelligently",13
2019-09-08,21:42:51,big name microchip intellectual property vs net margin .,9
2019-08-10,18:26:14,""" givemeadollar "" is probably an r / wsb mod now ( from ben graham ' s "" the intelligent investor "")",22
2019-08-10,04:53:49,psa : amds new epyc 7002 series rome server processor is firmly ahead of intels xeon . i would strongly consider investing ...,23
2019-08-08,19:02:36,thoughts on intc ?? i hold calls on dec $ 50,11
2019-08-08,18:17:39,i feel like i am cheating on my computer by investing in amd . intel gang .,17
2019-08-07,00:50:09,atvi !? what ' s the consensus around these halls of godly intelligence !?,14
2019-07-31,02:48:41,intc to the doghouse,4
2019-07-30,17:03:24,intc puts for amd er,5
2019-07-26,17:51:29,why hasn ' t intel spiked with the apple announcement ?,11
2019-07-26,17:00:24,short $ intc because of bob swan ' s guilty face !,12
2019-07-25,21:46:11,the boomers where right fucking intc went up,8
2019-07-25,20:24:44,told you retards to buy intc calls and you called me autistic .,13
2019-07-25,20:10:23,$ intc earnings thread,4
2019-07-25,20:05:06,apple to buy intels smartphone chip division for $ 1b,10
2019-07-25,19:30:46,$ intc intel earnings thread ; keep all discussion here,10
2019-07-25,15:28:00,$ intc earnings : wintel or shmintel ?,8
2019-07-25,06:51:35,intc calls = free money after earnings today .,9
2019-07-23,18:26:38,why is anyone buying intel ?,6
2019-07-22,21:38:56,wsj : apple in advanced talks to buy intels smartphone modem chip business,13
2019-07-22,21:33:18,apple ( aapl ) in late stage discussions to buy smartphone modem chip business from intel ( intc ) for usd 1bln,22
2019-07-14,18:43:56,intc closes over $ 50 by tuesday or ban me .,11
2019-07-11,23:11:56,rumor : intel to sell 3d nand business to sk hynix,11
2019-07-10,15:34:17,apples buying intel ( modems ),6
2019-06-30,07:58:38,amd vs intel cpu sales q1 2017 ~ q1 2019 [ largest retailer netherlands ],15
2019-06-28,00:05:58,went full autist . bought some intel 08 / 02 $ 51 strikes .,14
2019-06-20,00:55:30,read the intelligent investor it would help you a lot,10
2019-06-19,14:29:42,intel not outsourcing 14nm rocket lake cpu production to samsung,10
2019-06-13,20:28:30,turns out unintelligent fungi are better traders than most of us,11
2019-06-12,00:46:43,potential intel gains ?,4
2019-06-05,20:10:50,appl tsla ko atvi intc msft,6
2019-05-31,17:34:43,new intel security flaw . amd and arm unaffected,9
2019-05-29,18:20:44,the past few years of intel finally make sense,9
2019-05-27,17:31:22,smoking hot girl says intelligent stuff,6
2019-05-27,09:17:02,intel is going down and amd on its way up,10
2019-05-26,17:10:15,"intel announces 8 core i9 - 9900ks : every core at 5 . 0 ghz , all the time",19
2019-05-20,07:15:41,"intel , broadcom , qualcomm and others against huawei",9
2019-05-17,19:58:30,all in $ amd : $ intc new vulnerability may reduce performance by up to 40 %!!,17
2019-05-16,22:35:43,i guess mint knows i have the intelligence of a 8 year old,13
2019-05-15,18:45:01,"some good dd regarding intc security flaw . saw this in r / stocks and wanted to share here . ( intc , amd )",25
2019-05-15,14:28:56,intel tried to bribe vu university amsterdam into suppressing news of the latest security flaw,15
2019-05-15,04:22:50,intel zombieload flaw forces os patches with up to 40 % performance hits,13
2019-05-15,03:54:54,zombieload : the newest intel cpu vulnerability,7
2019-05-15,03:11:52,$ intc with a massive new hardware exploit . buy $ amd ?,13
2019-05-13,05:15:56,play of the week : intc atm calls,8
2019-05-10,22:51:54,i ' ve listened to 1 hour of the intelligent investor : when do i get to meet elon musk ?,21
2019-05-07,15:07:56,mu buying assets from intel ? long mu ?,9
2019-05-06,14:46:25,warren buffett says stocks look like ' intelligent investments ' compared to bonds today,14
2019-04-30,20:30:34,why is intel losing vs ayymd ?,7
2019-04-29,15:22:33,any1 else think the damage is done to intel ? whos buying the dip with me ?,17
2019-04-27,21:32:21,from down 20 % to up 20 % in two days ($ dis $ msft $ intc $ unh ).,20
2019-04-27,00:39:26,time to buy more intel puts just for the cringe .,11
2019-04-26,17:09:09,was intc ' s er the result of amd taking market share ?,13
2019-04-26,15:52:04,intel marketing vs amd marketing,5
2019-04-26,15:28:34,loading up on intc and riding it back up to $ 55,12
2019-04-26,13:40:11,i think i i did something right for once ( intel btw ),13
2019-04-25,18:35:47,bob swan ... ceo of intel !!! swan people ... people .... what the fuck is a swan ! its a bird ! its a plane ! ... nope thats just intel flying to the fucking moon,37
2019-04-25,14:36:37,want super exposure to intel taking a fat l tonight ? try soxs and ssg,15
2019-04-25,03:58:39,"long amd , intel puts",5
2019-04-20,00:59:38,intel 10nm : the art of lying without technically lying,10
2019-04-17,20:16:16,why i am buying intel,5
2019-04-17,16:45:05,prediction : aapl will acquire intcs modem division / ip,10
2019-04-16,23:52:54,intel drops out of 5g modem business after apple and qualcomm settlement . could this hurt intel ?,18
2019-04-14,20:20:29,` merica coin replaces u $ dollar  us mint in philadelphia invites intel for overhaul .,17
2019-04-14,16:50:55,"model scammed - hackers tricked a tesla model s , and it ' s a sign of things to come in the race to fool artificial intelligence",27
2019-04-14,00:18:47,spoiler : it ' s not worth shorting intc anymore since trump declared mandatory dow 30k but maybe don ' t buy any more intc calls,26
2019-04-09,18:20:59,qualcomm ( qcom ) has introduced a new data chip for artificial intelligence cloud data services,16
2019-04-09,07:42:56,long intel ( intc ) boys shits going thru the roof after this year,14
2019-04-09,01:39:30,leading cannabis companies to embrace artificial intelligence ( ai ) to significantly boost global sales,15
2019-04-08,23:37:05,reading intelligent investor and found out the cramer indicator has been reliable since 2002,14
2019-04-02,19:01:50,intel introduces shitty new processors that use 2 dies to draw 400 watts but only have 56 cores . long $ amd,22
2019-04-01,16:52:53,intel confirms mass layoffs across its american facilities,8
2019-04-01,03:06:48,i am not a financier or economist . i am electrical engineer with equal passion in artificial intelligence and financial markets . for the past 2 years i have been working on a system that would make short term predictions of stocks .,43
2019-03-31,22:43:44,"i ' m bearish chip stocks but encouraged by recent reports . foxconn ( iphone builder ) reported underwhelming growth friday , huawei reported outstanding growth friday .. micron and intel created a new product called optane . the top left i tracked dram price decreasing on amazon in march and reviews",52
2019-03-31,20:18:28,intel leak discussion and implications for micron / amd / nvida .,12
2019-03-30,20:09:42,new nsa backdoors found in intel chipsets . it ' s time to buy $ intc leap 50 puts ( never a bad decision ),25
2019-03-29,05:26:07,short intelligence ! rip,4
2019-03-26,17:11:36,"intc folsom , ca letting go of much of it",10
2019-03-23,02:37:46,saw this on tucker and laughed .... swalwell on the intelligence committee ? lol,14
2019-03-21,15:43:18,"$ intc puts , $ amd calls",7
2019-03-19,16:04:49,lyft : risky valuation and no intellectual property,8
2019-03-11,20:14:50,intel cpu shortage continues,4
2019-03-11,18:32:12,nvidia outbids intel to buy israel ' s mellanox in data centre push,13
2019-03-06,14:14:07,forbes : intel at disadvantage to amd due to new cpu vulnerabilities,12
2019-03-05,13:01:42,"more intel cpu vulnerabilities revealed , all core cpu lines affected . amd totally unaffected . long su bae , short intc",22
2019-02-25,11:20:06,""" i am pleased to report that the u . s . has made substantial progress in our trade talks with china on important structural issues including intellectual property protection , technology transfer , agriculture , services , currency , and many other issues . as a result of these very ......""",52
2019-02-23,20:51:02,"micron quarterly financials . they produce chips for cloud servers and networking ($ 15 . 25b revenue 2018 , $ 8 . 62b in 2017 ); memory products ( 2018 $ 6 . 58b , 4 . 42b 2017 ); and ssd for intel ($ 5b , 4 . 5b 2017 ) in taiwan , singapore , the united states , japan , and china . they have a legal battle with fujian jinhua",74
2019-02-23,19:10:50,the revolutionary way of using artificial intelligence in hedge funds,10
2019-02-23,16:57:05,wsb level intelligence right there,5
2019-02-21,22:50:22,general census on global x robotics and artificial intelligence eft,10
2019-02-17,23:34:44,the collective intelligence of the dis - info crowd on display ( large gain for the day ),18
2019-02-08,00:02:07,i have no clue what the fuck i ' m doing but i made $ 655 on some intel calls earlier this week . i ' ll report back when i ' m down 10k,35
2019-02-01,20:34:11,"sonasoft corp ( ssft ) signs letter of intent ( loi ) to acquire artificial intelligence ( ai ) company , hotify inc",23
2019-02-01,07:14:22,does anyone find the finance industry boring ? i kind of wish i was in tech at nvidia or big data at palantir or the intelligence community through black cube . all of that seems more interesting than working at a hedge fund . idk,45
2019-01-31,14:28:10,"intel names ceo , down 2 % premarket .",9
2019-01-29,14:19:55,everyone seems to assume amd will have a shit earnings or guidance because of nvda ... i seem to remember the same thing when intel was getting hit a few years back and amd killed it with ryzen ... anyone else think it might be the same story different processor unit ?,52
2019-01-29,00:43:21,this what my $ intc puts will be going to this weekend .,13
2019-01-26,23:57:32,how will amd er going to look after intels not so well er ?,14
2019-01-25,19:25:10,"trump : "" these are not medieval walls , they are smart walls "" ( long intc )",18
2019-01-25,14:40:22,intc gains . 122 %,5
2019-01-24,21:47:35,whats up with the autism bashing when theyre above average intelligence ?,12
2019-01-24,16:43:08,what would happen in the market if intel missed earnings and the stock drops,14
2019-01-24,01:41:56,"intel ( intc ) quarterly reports . they report 1 - 24 - 2019 after hours . their revenue , operating profit , and profit have been growing well yoy in 2018 . txn reported 1 - 23 after hours ( recent report in comments ). although tariffs started sept 24 and apple / samsung lowered guidance , i ' m slightly bullish",63
2019-01-23,17:25:21,i am intellectually disabled,4
2019-01-16,03:27:47,intc looking to buy amd,5
2019-01-15,18:16:06,"mu buy intel flash memory , this is bad for $ mu",12
2019-01-04,02:36:37,intel ($ intc ) is a terrible fucking company,9
